idx,DettmersAll7b64_7000
redewiedergabe;score,0.3020833333333333
redewiedergabe;score binary,0.4583333333333333
arguments;score,0.28154761904761905
arguments;score binary,0.7719246031746032
